Name,OfferID
Abbi,18
Abbi,29
Abbi,30
Abhyankar,9
Abhyankar,27
Abraham,24
Abraham,26
Acharya,7
Acharya,30
Babu,7
Babu,10
Babu,19
Babu,31
Bachchan,10
Bachchan,21
Bachchan,22
Bachchan,31
Badgujar,2
Badgujar,17
Badgujar,24
Badgujar,26
Badkas,8
Badkas,29
Choudhary,3
Choudhary,8
Choudhary,11
Choudhary,22
Chabukswar,7
Chabukswar,29
Chabukswar,30
Chacko,1
Chacko,4
Chacko,22
Chacko,28
Chacko,30
Chahal,2
Chahal,24
Chahal,26
Chakole,7
Chakole,13
Chakole,29
Chakole,30
Dabholkar,4
Dabholkar,11
Dabholkar,28
Dabholkar,31
Dabral,11
Dabral,30
Dadlani,24
Dadlani,26
Daftari,4
Daftari,16
Daftari,20
Daftari,32
Faasil,2
Faasil,17
Faasil,24
Faasil,26
Fadikar,29
Fadikar,30
Fadnavis,12
Fadnavis,22
Fadnavis,25
Fansekar,7
Fansekar,8
Fansekar,29
Fansekar,30
Gadde,8
Gadde,27
Gadekar,22
Gadekar,27
Gadgil,1
Gadgil,2
Gadgil,11
Gadgil,22
Gadgil,28
Gadgil,30
Gadgil,31
Ghadse,17
Ghadse,24
Gadikar,1
Gadikar,9
Gadikar,14
Gadikar,22
Gadikar,23
Harode,14
Harode,15
Hashmi,11
Hashmi,20
Hashmi,25
Hashmi,32
Hasnee,9
Hasnee,31
Hassan,12
Hassan,16
Hassan,26
Hattangadi,7
Janardhan,6
Janardhan,8
Janardhan,10
Janardhan,18
Janefalkar,11
Janefalkar,22
Janmeja,4
Janmeja,6
Janmeja,7
Janmeja,19
Janmeja,22
Janmeja,27
Janumala,28
Janumala,29
Kale,8
Kale,13
Kale,18
Kale,30
Kalra,11
Kalra,12
Kalra,22
Kalwani,7
Kalwani,8
Kalwani,13
Kalwani,29
Kalwani,30
Kamat,1
Kamat,2
Kamat,11
Kamat,15
Kamat,22
Kambli,7
Kambli,8
Kambli,13
Kambli,18
Kambli,30
Lagadapati,24
Lagadapati,26
Laghate,17
Laghate,24
Laghate,26
Lagoo,8
Lahoti,6
Lahoti,20
Lahoti,31
Lahoti,32
Lakhani,7
Lakhani,13
Lakhani,18
Lakhani,29
Lakhotia,3
Lakhotia,4
Lakhotia,6
Lakhotia,22
Lakhotia,27
Mahakale,7
Mahakale,8
Mahakale,30
Mahalingam,3
Mahalingam,7
Mahalingam,10
Mahashabde,9
Mahashabde,11
Mahashabde,15
Mahashabde,16
Mahashabde,27
Maheshwari,2
Maheshwari,11
Maheshwari,28
Mahindra,12
Mahindra,25
Mahindra,28
Mahindrakar,6
Mahindrakar,10
Mahindrakar,14
Mahindrakar,15
Mahindrakar,22
Mahindrakar,23
Mahindrakar,31
Maitra,1
Maitra,2
Majumdar,17
Majumdar,24
Nanavati,6
Nanavati,7
Nanavati,8
Nanavati,19
Nanavati,22
Nanavati,31
Nanda,8
Nanda,29
Nandamuri,17
Nandamuri,24
Nandamuri,26
Nandanwar,7
Nandanwar,12
Nandigam,18
Nandigam,30
Narang,3
Narang,4
Narang,8
Narang,31
Narayan,19
Narayan,31
Pappu,8
Papule,11
Papule,16
Papule,20
Papule,29
Papule,31
Parab,18
Parab,30
Paranjape,8
Paranjape,18
Paranjape,29
Paranjape,30
Parasher,1
Parasher,2
Parasher,10
Parasher,23
Parasher,26
Parasher,27
Parate,17
Parate,24
Parchure,5
Pardesi,1
Pardesi,22
Pardesi,30
Pardesi,31
Pardeshi,9
Parekh,5
Parekh,14
Raheja,9
Raheja,23
Rahman,3
Rahman,6
Rahman,22
Rai,7
Rai,18
Raikantiwar,31
Raina,7
Raina,29
Raizada,2
Raizada,26
Raj,3
Raj,7
Raj,8
Raj,19
Raj,21
Raj,22
Rajan,18
Rajan,21
Rajawat,26
Sahedev,4
Sahedev,5
Sahedev,14
Sahedev,15
Sahedev,20
Sahedev,22
Sahedev,26
Sahni,1
Sahni,4
Sahni,5
Sahni,6
Sahni,9
Sahni,11
Sahni,20
Sahni,25
Sahni,26
Sahu,6
Sahu,14
Sahu,23
Sahukar,2
Sahukar,24
Saigal,8
Saigal,29
Saigal,30
Saini,8
Saini,13
Saini,18
Saklani,7
Saklani,18
Saklani,29
Saklani,30
Tayde,1
Tayde,4
Tayde,9
Tayde,11
Tayde,14
Tayde,26
Tejwani,9
Tejwani,16
Tejwani,25
Tejwani,30
Tekchandani,8
Tempalli,4
Tempalli,6
Tempalli,27
Tempalli,31
Tendulkar,18
Tendulkar,29
Thackeray,4
Thakersey,7
Thakersey,29
Vartak,14
Vartak,22
Vartak,25
Vartak,30
Vashisth,18
Vashisth,22
Vashisth,31
Vasudevan,8
Vasudevan,30
Vaswani,1
Vaswani,10
Vaswani,14
Vaswani,31
Vaze,4
Vaze,6
Vaze,21
Vaze,27
Watharkar,6
Watharkar,9
Watharkar,15
Watharkar,22
Watharkar,31
Watharkar,32
